<?xml version="1.0" encoding="UTF-8"?>
<payment-settings xmlns="http://www.demandware.com/xml/impex/paymentsettings/2009-09-15">

    <payment-method method-id="CREDIT_CARD">
        <name xml:lang="x-default">Credit Card</name>
        <name xml:lang="fr-FR">Carte de crédit</name>
        <name xml:lang="it-IT">Carta di credito</name>
        <name xml:lang="ja-JP">クレジットカード</name>
        <name xml:lang="zh-CN">信用卡</name>
        <enabled-flag>true</enabled-flag>
        <processor-id>BRAINTREE_CREDIT</processor-id>
    </payment-method>

    <payment-method method-id="PayPal">
        <name xml:lang="x-default">PayPal</name>
        <name xml:lang="fr-FR">Pay Pal</name>
        <name xml:lang="it-IT">PayPal</name>
        <name xml:lang="ja-JP">PayPal</name>
        <name xml:lang="zh-CN">PayPal</name>
        <enabled-flag>true</enabled-flag>
        <processor-id>BRAINTREE_PAYPAL</processor-id>
    </payment-method>

    <payment-method method-id="ApplePay">
        <name xml:lang="x-default">ApplePay</name>
        <enabled-flag>true</enabled-flag>
        <processor-id>BRAINTREE_APPLEPAY</processor-id>
    </payment-method>

    <payment-method method-id="GooglePay">
        <name xml:lang="x-default">GooglePay</name>
        <enabled-flag>true</enabled-flag>
        <processor-id>BRAINTREE_GOOGLEPAY</processor-id>
    </payment-method>

    <payment-method method-id="Venmo">
        <name xml:lang="x-default">Venmo</name>
        <enabled-flag>true</enabled-flag>
        <processor-id>BRAINTREE_VENMO</processor-id>
    </payment-method>

    <payment-method method-id="bancontact">
        <name xml:lang="x-default">Bancontact</name>
        <enabled-flag>false</enabled-flag>
        <processor-id>BRAINTREE_LOCAL</processor-id>
        <countries>
            <country country-code="BE"/>
        </countries>
        <currencies>
            <currency>EUR</currency>
        </currencies>
    </payment-method>

    <payment-method method-id="eps">
        <name xml:lang="x-default">EPS</name>
        <enabled-flag>false</enabled-flag>
        <processor-id>BRAINTREE_LOCAL</processor-id>
        <countries>
            <country country-code="AT"/>
        </countries>
        <currencies>
            <currency>EUR</currency>
        </currencies>
        <ranges>
            <range currency="EUR">
                <min-purchase-amount>1</min-purchase-amount>
            </range>
        </ranges>
    </payment-method>

    <payment-method method-id="giropay">
        <name xml:lang="x-default">giropay</name>
        <enabled-flag>false</enabled-flag>
        <processor-id>BRAINTREE_LOCAL</processor-id>
        <countries>
            <country country-code="DE"/>
        </countries>
        <currencies>
            <currency>EUR</currency>
        </currencies>
        <ranges>
            <range currency="EUR">
                <min-purchase-amount>1</min-purchase-amount>
            </range>
        </ranges>
    </payment-method>

    <payment-method method-id="ideal">
        <name xml:lang="x-default">iDEAL</name>
        <enabled-flag>false</enabled-flag>
        <processor-id>BRAINTREE_LOCAL</processor-id>
        <countries>
            <country country-code="NL"/>
        </countries>
        <currencies>
            <currency>EUR</currency>
        </currencies>
    </payment-method>

    <payment-method method-id="sofort">
        <name xml:lang="x-default">Klarna Pay Now / SOFORT</name>
        <enabled-flag>false</enabled-flag>
        <processor-id>BRAINTREE_LOCAL</processor-id>
        <countries>
            <country country-code="AT"/>
            <country country-code="BE"/>
            <country country-code="DE"/>
            <country country-code="ES"/>
            <country country-code="IT"/>
            <country country-code="NL"/>
        </countries>
        <currencies>
            <currency>EUR</currency>
        </currencies>
        <ranges>
            <range currency="EUR">
                <min-purchase-amount>1</min-purchase-amount>
            </range>
        </ranges>
    </payment-method>

    <payment-method method-id="mybank">
        <name xml:lang="x-default">MyBank</name>
        <enabled-flag>false</enabled-flag>
        <processor-id>BRAINTREE_LOCAL</processor-id>
        <countries>
            <country country-code="IT"/>
        </countries>
        <currencies>
            <currency>EUR</currency>
        </currencies>
    </payment-method>

    <payment-method method-id="p24">
        <name xml:lang="x-default">P24</name>
        <enabled-flag>false</enabled-flag>
        <processor-id>BRAINTREE_LOCAL</processor-id>
        <countries>
            <country country-code="PL"/>
        </countries>
        <currencies>
            <currency>PLN</currency>
        </currencies>
        <ranges>
            <range currency="PLN">
                <min-purchase-amount>0.05</min-purchase-amount>
            </range>
        </ranges>
    </payment-method>

</payment-settings>
