<?xml version="1.0" encoding="UTF-8"?>
<metadata xmlns="http://www.demandware.com/xml/impex/metadata/2006-10-31">
    <type-extension type-id="SitePreferences">
        <custom-attribute-definitions>
            <attribute-definition attribute-id="BRAINTREE_3DSecure_Enabled">
                <display-name xml:lang="x-default">3DSecure</display-name>
                <description xml:lang="x-default">3DSecure provides an extra level of protection for card holders. For countries outside of the U.S., many card holders’ credit cards are enrolled in 3DSecure. If Enabled, the card holder will be prompted to authenticate using their login credentials.</description>
                <type>enum-of-string</type>
                <mandatory-flag>false</mandatory-flag>
                <externally-managed-flag>false</externally-managed-flag>
                <value-definitions>
                    <value-definition>
                        <display xml:lang="x-default">Enabled</display>
                        <value>enabled</value>
                    </value-definition>
                    <value-definition default="true">
                        <display xml:lang="x-default">Disabled</display>
                        <value>disabled</value>
                    </value-definition>
                </value-definitions>
            </attribute-definition>
            <attribute-definition attribute-id="BRAINTREE_3DSecure_Skip_Client_Validation_Result">
                <display-name xml:lang="x-default">Skip 3DSecure result</display-name>
                <description xml:lang="x-default">If enabled, the 3D Secure result will be ignored and transaction will be processed.</description>
                <type>enum-of-string</type>
                <mandatory-flag>false</mandatory-flag>
                <externally-managed-flag>false</externally-managed-flag>
                <value-definitions>
                    <value-definition>
                        <display xml:lang="x-default">Enabled</display>
                        <value>enabled</value>
                    </value-definition>
                    <value-definition default="true">
                        <display xml:lang="x-default">Disabled</display>
                        <value>disabled</value>
                    </value-definition>
                </value-definitions>
            </attribute-definition>
            <attribute-definition attribute-id="BRAINTREE_PAYPAL_Display_Name">
                <display-name xml:lang="x-default">Merchant Name</display-name>
                <description xml:lang="x-default">This is your merchant name that will be displayed inside of the PayPal lightbox. If empty, the company name from your Braintree account will be displayed.</description>
                <type>string</type>
                <mandatory-flag>false</mandatory-flag>
                <externally-managed-flag>false</externally-managed-flag>
                <min-length>0</min-length>
            </attribute-definition>
            <attribute-definition attribute-id="BRAINTREE_PAYPAL_Is_Order_Intent">
                <display-name xml:lang="x-default">Use Intent Type Order</display-name>
                <description xml:lang="x-default">The Payment Model Intent Type 'order' - Allows a merchant to validate a buyers’ ability to pay for the goods without an authorization. If true is selected, vault mode is not available.</description>
                <type>boolean</type>
                <mandatory-flag>false</mandatory-flag>
                <externally-managed-flag>false</externally-managed-flag>
                <default-value>false</default-value>
            </attribute-definition>
            <attribute-definition attribute-id="BRAINTREE_Merchant_Account_IDs">
                <display-name xml:lang="x-default">Merchant Account IDs</display-name>
                <description xml:lang="x-default">Example: "EUR:MERCHANACID". You can use it to have multiple merchant accounts within the same Braintree gateway. Currency is also determined by Merchant Account ID. If no Merchant Account ID is specified, Braintree will use your default merchant account.</description>
                <type>set-of-string</type>
                <mandatory-flag>false</mandatory-flag>
                <externally-managed-flag>false</externally-managed-flag>
            </attribute-definition>
            <attribute-definition attribute-id="BRAINTREE_SETTLE">
                <display-name xml:lang="x-default">Settle transaction immediately</display-name>
                <description xml:lang="x-default">This determines whether the transaction is settled immediately (Sale) or later (Authorization)</description>
                <type>boolean</type>
                <mandatory-flag>false</mandatory-flag>
                <externally-managed-flag>false</externally-managed-flag>
                <default-value>false</default-value>
            </attribute-definition>
            <attribute-definition attribute-id="BRAINTREE_Vault_Mode">
                <display-name xml:lang="x-default">Store Payment Method in Vault</display-name>
                <description xml:lang="x-default">This allows you the ability to store many details in your Braintree vault, including a customer’s Payment Method.</description>
                <type>boolean</type>
                <mandatory-flag>false</mandatory-flag>
                <externally-managed-flag>false</externally-managed-flag>
                <default-value>true</default-value>
            </attribute-definition>
            <attribute-definition attribute-id="BRAINTREE_Custom_Fields">
                <display-name xml:lang="x-default">Default Custom Fields</display-name>
                <description xml:lang="x-default">You must set up each custom field in the Braintree Control Panel prior to entering it here and passing it with a request. Example: "field_name:value". A field name cannot exceed 255 characters and cannot include capital letters or spaces.</description>
                <type>set-of-string</type>
                <mandatory-flag>false</mandatory-flag>
                <externally-managed-flag>false</externally-managed-flag>
            </attribute-definition>
            <attribute-definition attribute-id="BRAINTREE_L2_L3">
                <display-name xml:lang="x-default">Level 2 and 3 Processing</display-name>
                <description xml:lang="x-default">Level 2 and 3 processing can help you qualify for lower interchange rates on transactions made with certain Visa and Mastercard corporate and purchasing cards. In order to qualify for Level 2, you need to pass specific data in credit card transactions. To qualify for Level 3, you need to pass specific line item data and additional information when creating sale transactions.</description>
                <type>boolean</type>
                <mandatory-flag>false</mandatory-flag>
                <externally-managed-flag>false</externally-managed-flag>
                <default-value>false</default-value>
            </attribute-definition>
            <attribute-definition attribute-id="BRAINTREE_PAYPAL_Billing_Agreement_Description">
                <display-name xml:lang="x-default">Billing Agreement Description</display-name>
                <description xml:lang="x-default">Use this option to set the description of the preapproved payment agreement visible to customers in their PayPal profile during Vault flows. Max 249 characters.</description>
                <type>string</type>
                <mandatory-flag>false</mandatory-flag>
                <externally-managed-flag>false</externally-managed-flag>
                <min-length>0</min-length>
            </attribute-definition>
            <attribute-definition attribute-id="BRAINTREE_APPLEPAY_Visibility_Button_On_Cart">
                <display-name xml:lang="x-default">Visibility of Apple Pay Button on the Cart page</display-name>
                <description xml:lang="x-default"></description>
                <type>boolean</type>
                <mandatory-flag>false</mandatory-flag>
                <externally-managed-flag>false</externally-managed-flag>
                <default-value>true</default-value>
            </attribute-definition>
            <attribute-definition attribute-id="BRAINTREE_APPLEPAY_Display_Name">
                <display-name xml:lang="x-default">Merchant Name</display-name>
                <description xml:lang="x-default">Provide a business name for total's label field. Use the same business name people will see when they look for the charge on their bank or credit card statement. For example, "COMPANY INC."</description>
                <type>string</type>
                <mandatory-flag>false</mandatory-flag>
                <externally-managed-flag>false</externally-managed-flag>
                <min-length>0</min-length>
                <default-value>Saleforce Shop</default-value>
            </attribute-definition>
            <attribute-definition attribute-id="BRAINTREE_PAYPAL_Button_Location">
                <display-name xml:lang="x-default">PayPal Button Location</display-name>
                <type>enum-of-string</type>
                <mandatory-flag>false</mandatory-flag>
                <externally-managed-flag>false</externally-managed-flag>
                <value-definitions>
                    <value-definition>
                        <display xml:lang="x-default">Cart and Billing Page</display>
                        <value>Cart</value>
                    </value-definition>
                    <value-definition>
                        <display xml:lang="x-default">Cart, MiniCart, and Billing Page</display>
                        <value>CartMinicart</value>
                    </value-definition>
                    <value-definition>
                        <display xml:lang="x-default">Cart, MiniCart, PDP, and Billing Page</display>
                        <value>CartMinicartPdp</value>
                    </value-definition>
                    <value-definition default="true">
                        <display xml:lang="x-default">Billing Page Only</display>
                        <value>Billing</value>
                    </value-definition>
                </value-definitions>
            </attribute-definition>
            <attribute-definition attribute-id="BRAINTREE_VENMO_Display_Name">
                <display-name xml:lang="x-default">Merchant Name</display-name>
                <description xml:lang="x-default">Provide a business name for the total's label field. Use the same business name people will see when they look for the charge on their bank or credit card statement. For example, "COMPANY INC."</description>
                <type>string</type>
                <mandatory-flag>false</mandatory-flag>
                <externally-managed-flag>false</externally-managed-flag>
                <min-length>0</min-length>
                <default-value>Saleforce Shop</default-value>
            </attribute-definition>
            <attribute-definition attribute-id="BRAINTREE_GOOGLEPAY_Visibility_Button_On_Cart">
                <display-name xml:lang="x-default">Visibility of Google Pay Button on the Cart page</display-name>
                <description xml:lang="x-default"></description>
                <type>boolean</type>
                <mandatory-flag>false</mandatory-flag>
                <externally-managed-flag>false</externally-managed-flag>
                <default-value>true</default-value>
            </attribute-definition>
            <attribute-definition attribute-id="BRAINTREE_GOOGLEPAY_Display_Name">
                <display-name xml:lang="x-default">Merchant Name</display-name>
                <description xml:lang="x-default">Provide a business name for total's label field. Use the same business name people will see when they look for the charge on their bank or credit card statement. For example, "COMPANY INC."</description>
                <type>string</type>
                <mandatory-flag>false</mandatory-flag>
                <externally-managed-flag>false</externally-managed-flag>
                <min-length>0</min-length>
                <default-value>Saleforce Shop</default-value>
            </attribute-definition>
            <attribute-definition attribute-id="PP_API_Credit_Banner_Styles">
                <display-name xml:lang="x-default">Pay Pal API Credit Banner Styles</display-name>
                <description xml:lang="x-default">Return style configurations for Pay Pal Credit Banner (cart, product, category )&#13;
                    Available values:     &#13;
                    layout: 'flex', // flex, text&#13;
                    styleColor: 'gray', // only for flex layout: blue, black, white, white-no-border, gray&#13;
                    ratio: '8x1', // only for flex layout: 1x1, 1x4, 8x1, 20x1&#13;
                    &#13;
                    {"cartCreditConfig":{"layout":"flex","styleColor":"gray","ratio":"8x1","logoType":"primary","logoPosition":"left","textColor":"black"},"productCreditConfig":{"layout":"text","styleColor":"blue","ratio":"8x1","logoType":"primary","logoPosition":"left","textColor":"black"},"categoryCreditConfig":{"layout":"flex","styleColor":"blue","ratio":"20x1","logoType":"primary","logoPosition":"left","textColor":"black"}}
                </description>
                <type>string</type>
                <mandatory-flag>false</mandatory-flag>
                <externally-managed-flag>false</externally-managed-flag>
                <min-length>0</min-length>
                <default-value>{"cartCreditConfig":{"styleLayout":"flex","styleColor":"gray","styleRatio":"8x1","styleLogoType":"","styleLogoPosition":"","styleTextColor":""},"productCreditConfig":{"styleLayout":"text","styleColor":"","styleRatio":"","styleLogoType": "primary","styleLogoPosition":"left","styleTextColor":"black"},"categoryCreditConfig":{"styleLayout":"flex","styleColor":"blue","styleRatio":"20x1","styleLogoType":"","styleLogoPosition":"","styleTextColor":""}}</default-value>
            </attribute-definition>
            <attribute-definition attribute-id="PP_API_Smart_Button_Styles">
                <display-name xml:lang="x-default">Pay Pal API Smart Button Styles</display-name>
                <description xml:lang="x-default">Return style configurations for Pay Pal smart button (cart, billing, minicart, pdp pages)&#13;
                    * Available values:&#13;
                    *  height: (number) from 25 to 55,&#13;
                    *  color: (string) gold, blue, silver, black, white,&#13;
                    *  shape: (string) pill, rect,&#13;
                    *  layout: (string) horizontal, vertical,&#13;
                    *  tagline: (boolean) true, false&#13;
                    &#13;
                    Default value:&#13;
                    {
                        "cart":{"height":35,"color":"gold","shape":"rect","layout":"vertical","label":"checkout","tagline":false},
                        "checkout":{"height":35,"color":"gold","shape":"rect","layout":"vertical","label":"checkout","tagline":false}, 
                        "minicart": { "height": 35, "color": "gold", "shape": "rect", "layout": "vertical", "label": "checkout", "tagline": false }, 
                        "pdp": { "height": 35, "color": "gold", "shape": "rect", "layout": "vertical", "label": "checkout", "tagline": false }
                    }
                </description>
                <type>string</type>
                <mandatory-flag>false</mandatory-flag>
                <externally-managed-flag>false</externally-managed-flag>
                <min-length>0</min-length>
                <default-value>
                    {
                        "cart":{"height":35,"color":"gold","shape":"rect","layout":"vertical","label":"checkout","tagline":false},
                        "billing":{"height":35,"color":"gold","shape":"rect","layout":"vertical","label":"checkout","tagline":false}, 
                        "minicart": { "height": 35, "color": "gold", "shape": "rect", "layout": "vertical", "label": "checkout", "tagline": false }, 
                        "pdp": { "height": 35, "color": "gold", "shape": "rect", "layout": "vertical", "label": "checkout", "tagline": false }
                    }
                </default-value>
            </attribute-definition>
        </custom-attribute-definitions>
        <group-definitions>
            <attribute-group group-id="BRAINTREE_COMMON">
                <display-name xml:lang="x-default">Braintree Common</display-name>
                <attribute attribute-id="BRAINTREE_Merchant_Account_IDs"/>
                <attribute attribute-id="BRAINTREE_Vault_Mode"/>
                <attribute attribute-id="BRAINTREE_SETTLE"/>
                <attribute attribute-id="BRAINTREE_L2_L3"/>
                <attribute attribute-id="BRAINTREE_Custom_Fields"/>
            </attribute-group>
            <attribute-group group-id="BRAINTREE_CREDIT">
                <display-name xml:lang="x-default">Braintree Credit</display-name>
                <attribute attribute-id="BRAINTREE_3DSecure_Enabled"/>
                <attribute attribute-id="BRAINTREE_3DSecure_Skip_Client_Validation_Result"/>
            </attribute-group>
            <attribute-group group-id="BRAINTREE_PAYPAL">
                <display-name xml:lang="x-default">Braintree PayPal</display-name>
                <attribute attribute-id="BRAINTREE_PAYPAL_Display_Name"/>
                <attribute attribute-id="BRAINTREE_PAYPAL_Is_Order_Intent"/>
                <attribute attribute-id="BRAINTREE_PAYPAL_Billing_Agreement_Description"/>
                <attribute attribute-id="BRAINTREE_PAYPAL_Button_Location"/>
            </attribute-group>
            <attribute-group group-id="BRAINTREE_APPLEPAY">
                <display-name xml:lang="x-default">Braintree Apple Pay</display-name>
                <attribute attribute-id="BRAINTREE_APPLEPAY_Display_Name"/>
                <attribute attribute-id="BRAINTREE_APPLEPAY_Visibility_Button_On_Cart"/>
            </attribute-group>
            <attribute-group group-id="BRAINTREE_VENMO">
                <display-name xml:lang="x-default">Braintree Venmo</display-name>
                <attribute attribute-id="BRAINTREE_VENMO_Display_Name"/>
            </attribute-group>
            <attribute-group group-id="BRAINTREE_GOOGLEPAY">
                <display-name xml:lang="x-default">Braintree Google Pay</display-name>
                <attribute attribute-id="BRAINTREE_GOOGLEPAY_Display_Name"/>
                <attribute attribute-id="BRAINTREE_GOOGLEPAY_Visibility_Button_On_Cart"/>
            </attribute-group>
        </group-definitions>
    </type-extension>

    <type-extension type-id="OrderPaymentInstrument">
        <custom-attribute-definitions>
            <attribute-definition attribute-id="braintreePaymentMethodNonce">
                <display-name xml:lang="x-default">Braintree Payment Method Nonce</display-name>
                <type>string</type>
                <mandatory-flag>false</mandatory-flag>
                <externally-managed-flag>false</externally-managed-flag>
                <min-length>0</min-length>
            </attribute-definition>
            <attribute-definition attribute-id="braintreePaymentMethodToken">
                <display-name xml:lang="x-default">Braintree Payment Method Token</display-name>
                <description xml:lang="x-default">Braintree Payment Method Token</description>
                <type>string</type>
                <mandatory-flag>false</mandatory-flag>
                <externally-managed-flag>false</externally-managed-flag>
                <min-length>0</min-length>
            </attribute-definition>
            <attribute-definition attribute-id="braintreeFraudRiskData">
                <display-name xml:lang="x-default">Braintree Payment Device Data/Risk Decision</display-name>
                <type>string</type>
                <mandatory-flag>false</mandatory-flag>
                <externally-managed-flag>false</externally-managed-flag>
                <min-length>0</min-length>
            </attribute-definition>
            <attribute-definition attribute-id="braintreeFailReason">
                <display-name xml:lang="x-default">Braintree Order Fail Reason</display-name>
                <description xml:lang="x-default">Braintree Order Fail Reason</description>
                <type>string</type>
                <mandatory-flag>false</mandatory-flag>
                <externally-managed-flag>false</externally-managed-flag>
                <min-length>0</min-length>
            </attribute-definition>
            <attribute-definition attribute-id="braintree3dSecureStatus">
                <display-name xml:lang="x-default">Braintree 3D Secure Status</display-name>
                <description xml:lang="x-default">Braintree 3D Secure Status</description>
                <type>string</type>
                <mandatory-flag>false</mandatory-flag>
                <externally-managed-flag>false</externally-managed-flag>
                <min-length>0</min-length>
            </attribute-definition>
            <attribute-definition attribute-id="braintreeCreditCardMakeDefault">
                <display-name xml:lang="x-default">Payment Method Default</display-name>
                <description xml:lang="x-default"></description>
                <type>boolean</type>
                <mandatory-flag>false</mandatory-flag>
                <externally-managed-flag>false</externally-managed-flag>
            </attribute-definition>
            <attribute-definition attribute-id="braintreeSaveCreditCard">
                <display-name xml:lang="x-default">Save Payment Method</display-name>
                <description xml:lang="x-default"></description>
                <type>boolean</type>
                <mandatory-flag>false</mandatory-flag>
                <externally-managed-flag>false</externally-managed-flag>
            </attribute-definition>
            <attribute-definition attribute-id="braintreeIs3dSecureRequired">
                <display-name xml:lang="x-default">Braintree 3d secure is required</display-name>
                <description xml:lang="x-default"></description>
                <type>boolean</type>
                <mandatory-flag>false</mandatory-flag>
                <externally-managed-flag>false</externally-managed-flag>
            </attribute-definition>
                <attribute-definition attribute-id="braintreePaypalEmail">
                <display-name xml:lang="x-default">Braintree PayPal Account Email</display-name>
                <description xml:lang="x-default">Braintree PayPal Account Email</description>
                <type>string</type>
                <mandatory-flag>false</mandatory-flag>
                <externally-managed-flag>false</externally-managed-flag>
                <min-length>0</min-length>
            </attribute-definition>
            <attribute-definition attribute-id="braintreeVenmoUserId">
                <display-name xml:lang="x-default">Venmo User ID</display-name>
                <type>string</type>
                <mandatory-flag>false</mandatory-flag>
                <externally-managed-flag>false</externally-managed-flag>
                <min-length>0</min-length>
            </attribute-definition>
            <attribute-definition attribute-id="braintreeGooglePayCardDescription">
                <display-name xml:lang="x-default">Braintree GooglePay Card Description</display-name>
                <description xml:lang="x-default">Braintree GooglePay masked Card Description</description>
                <type>string</type>
                <mandatory-flag>false</mandatory-flag>
                <externally-managed-flag>false</externally-managed-flag>
                <min-length>0</min-length>
            </attribute-definition>
        </custom-attribute-definitions>
    </type-extension>
    
    <type-extension type-id="CustomerPaymentInstrument">
        <custom-attribute-definitions>
            <attribute-definition attribute-id="braintreeDefaultCard">
                <display-name xml:lang="x-default">Default card</display-name>
                <description xml:lang="x-default"></description>
                <type>boolean</type>
                <mandatory-flag>false</mandatory-flag>
                <externally-managed-flag>false</externally-managed-flag>
            </attribute-definition>
            <attribute-definition attribute-id="braintreePaypalAccountEmail">
                <display-name xml:lang="x-default">Braintree PayPal Account Email</display-name>
                <description xml:lang="x-default">Braintree PayPal Account Email</description>
                <type>string</type>
                <mandatory-flag>false</mandatory-flag>
                <externally-managed-flag>false</externally-managed-flag>
                <min-length>0</min-length>
            </attribute-definition>
            <attribute-definition attribute-id="braintreePaypalAccountAddresses">
                <display-name xml:lang="x-default">Braintree PayPal Account Addresses</display-name>
                <description xml:lang="x-default">Braintree PayPal Account Addresses</description>
                <type>string</type>
                <mandatory-flag>false</mandatory-flag>
                <externally-managed-flag>false</externally-managed-flag>
                <min-length>0</min-length>
            </attribute-definition>
            <attribute-definition attribute-id="braintreePaymentMethodToken">
                <display-name xml:lang="x-default">Braintree Payment Method Token</display-name>
                <description xml:lang="x-default">Braintree Payment Method Token</description>
                <type>string</type>
                <mandatory-flag>false</mandatory-flag>
                <externally-managed-flag>false</externally-managed-flag>
                <min-length>0</min-length>
            </attribute-definition>
             <attribute-definition attribute-id="braintreeVenmoCustomerId">
                <display-name xml:lang="x-default">Braintree venmo customer ID</display-name>
                <type>string</type>
                <mandatory-flag>false</mandatory-flag>
                <externally-managed-flag>false</externally-managed-flag>
                <min-length>0</min-length>
            </attribute-definition>
            <attribute-definition attribute-id="braintreeVenmoUserId">
                <display-name xml:lang="x-default">Braintree venmo user Id</display-name>
                <type>string</type>
                <mandatory-flag>false</mandatory-flag>
                <externally-managed-flag>false</externally-managed-flag>
                <min-length>0</min-length>
            </attribute-definition>
            <attribute-definition attribute-id="braintreeVenmoUsername">
                <display-name xml:lang="x-default">Braintree venmo username</display-name>
                <type>string</type>
                <mandatory-flag>false</mandatory-flag>
                <externally-managed-flag>false</externally-managed-flag>
                <min-length>0</min-length>
            </attribute-definition>
             <attribute-definition attribute-id="braintreeGooglePayCustomerId">
                <display-name xml:lang="x-default">Braintree Google Pay user Id</display-name>
                <type>string</type>
                <mandatory-flag>false</mandatory-flag>
                <externally-managed-flag>false</externally-managed-flag>
                <min-length>0</min-length>
            </attribute-definition>
             <attribute-definition attribute-id="braintreeGooglePayAccountAddresses">
                <display-name xml:lang="x-default">Braintree GooglePay Account Addresses</display-name>
                <description xml:lang="x-default">Braintree GooglePay Account Addresses</description>
                <type>string</type>
                <mandatory-flag>false</mandatory-flag>
                <externally-managed-flag>false</externally-managed-flag>
                <min-length>0</min-length>
            </attribute-definition>
            <attribute-definition attribute-id="braintreeGooglePaySourceDescription">
                <display-name xml:lang="x-default">Braintree GooglePay Source Description</display-name>
                <description xml:lang="x-default">Braintree GooglePay masked Source Description</description>
                <type>string</type>
                <mandatory-flag>false</mandatory-flag>
                <externally-managed-flag>false</externally-managed-flag>
                <min-length>0</min-length>
            </attribute-definition>
        </custom-attribute-definitions>
    </type-extension>

    <type-extension type-id="Order">
        <custom-attribute-definitions>
            <attribute-definition attribute-id="braintreePaymentStatus">
                <display-name xml:lang="x-default">Braintree Payment Status</display-name>
                <type>string</type>
                <mandatory-flag>false</mandatory-flag>
                <externally-managed-flag>false</externally-managed-flag>
                <min-length>0</min-length>
            </attribute-definition>
            <attribute-definition attribute-id="isBraintree">
                <display-name xml:lang="x-default">Braintree payment Method</display-name>
                <description xml:lang="x-default">Indicate if order was placed with Braintree</description>
                <type>boolean</type>
                <mandatory-flag>false</mandatory-flag>
                <externally-managed-flag>false</externally-managed-flag>
            </attribute-definition>
             <attribute-definition attribute-id="isBraintreeIntentOrder">
                <display-name xml:lang="x-default">Braintree Intent Order</display-name>
                <description xml:lang="x-default">Indicate if order was placed with PayPal Intent Order</description>
                <type>boolean</type>
                <mandatory-flag>false</mandatory-flag>
                <externally-managed-flag>false</externally-managed-flag>
            </attribute-definition>
            <attribute-definition attribute-id="partialTransactions">
                <display-name xml:lang="x-default">List of partial transactions</display-name>
                <description xml:lang="x-default">Keep transaction id that was made in the scope of order</description>
                <type>set-of-string</type>
                <mandatory-flag>false</mandatory-flag>
                <externally-managed-flag>false</externally-managed-flag>
            </attribute-definition>
            <attribute-definition attribute-id="braintreeFraudRiskData">
                <display-name xml:lang="x-default">Braintree Fraud Risk Data</display-name>
                <type>string</type>
                <mandatory-flag>false</mandatory-flag>
                <externally-managed-flag>false</externally-managed-flag>
                <min-length>0</min-length>
            </attribute-definition>
            <attribute-definition attribute-id="braintree_LPM_PaymentId">
                <display-name xml:lang="x-default">Braintree LPM Payment Id</display-name>
                <type>string</type>
                <mandatory-flag>false</mandatory-flag>
                <externally-managed-flag>false</externally-managed-flag>
            </attribute-definition>
        </custom-attribute-definitions>
    </type-extension>

    <type-extension type-id="Product">
        <custom-attribute-definitions>
            <attribute-definition attribute-id="commodityCode">
                <display-name xml:lang="x-default">commodity code</display-name>
                <description xml:lang="x-default">Code used to classify items purchased and track the total amount spent across various categories of products and services. Different corporate purchasing organizations may use different standards, but the United Nations Standard Products and Services Code (UNSPSC) is frequently used. Maximum 12 characters.</description>
                <type>string</type>
                <localizable-flag>false</localizable-flag>
                <site-specific-flag>false</site-specific-flag>
                <mandatory-flag>false</mandatory-flag>
                <visible-flag>false</visible-flag>
                <externally-managed-flag>false</externally-managed-flag>
                <order-required-flag>false</order-required-flag>
                <externally-defined-flag>false</externally-defined-flag>
                <min-length>0</min-length>
            </attribute-definition>
            <attribute-definition attribute-id="unitOfMeasure">
                <display-name xml:lang="x-default">unit of measure</display-name>
                <description xml:lang="x-default">The unit of measure or the unit of measure code. Maximum 12 characters.</description>
                <type>string</type>
                <localizable-flag>false</localizable-flag>
                <site-specific-flag>false</site-specific-flag>
                <mandatory-flag>false</mandatory-flag>
                <visible-flag>false</visible-flag>
                <externally-managed-flag>false</externally-managed-flag>
                <order-required-flag>false</order-required-flag>
                <externally-defined-flag>false</externally-defined-flag>
                <min-length>0</min-length>
            </attribute-definition>
        </custom-attribute-definitions>
        <group-definitions>
            <attribute-group group-id="Braintree">
                <display-name xml:lang="x-default">Braintree Level3 line items</display-name>
                <attribute attribute-id="unitOfMeasure"/>
                <attribute attribute-id="commodityCode"/>
            </attribute-group>
        </group-definitions>
    </type-extension>
    
    <type-extension type-id="Profile">
        <custom-attribute-definitions>
            <attribute-definition attribute-id="isBraintree">
                <display-name xml:lang="x-default">Customer is stored into Braintree vault</display-name>
                <type>boolean</type>
                <mandatory-flag>false</mandatory-flag>
                <externally-managed-flag>false</externally-managed-flag>
            </attribute-definition>
        </custom-attribute-definitions>
    </type-extension>

    <type-extension type-id="ServiceCredential">
        <custom-attribute-definitions>
            <attribute-definition attribute-id="BRAINTREE_Merchant_ID">
                <display-name xml:lang="x-default">Merchant ID</display-name>
                <description xml:lang="x-default">The Merchant ID is a unique identifier that Braintree assigns to the your Braintree gateway account. This should not be confused with Merchant Account ID. Could be blank, if ECBT token is entered</description>
                <type>string</type>
                <mandatory-flag>false</mandatory-flag>
                <externally-managed-flag>false</externally-managed-flag>
                <min-length>0</min-length>
            </attribute-definition>
            <attribute-definition attribute-id="BRAINTREE_ECVZ_Access_Token">
                <display-name xml:lang="x-default">ECBT Access Token</display-name>
                <description xml:lang="x-default"></description>
                <type>string</type>
                <mandatory-flag>false</mandatory-flag>
                <externally-managed-flag>false</externally-managed-flag>
                <min-length>0</min-length>
            </attribute-definition>
            <attribute-definition attribute-id="BRAINTREE_PAYPAL_RESTAPI_TempToken">
                <display-name xml:lang="x-default">PayPal REST API temp token</display-name>
                <type>string</type>
                <mandatory-flag>false</mandatory-flag>
                <externally-managed-flag>false</externally-managed-flag>
                <min-length>0</min-length>
            </attribute-definition>
            <attribute-definition attribute-id="BRAINTREE_PAYPAL_RESTAPI_TempTokenExpiredTime">
                <display-name xml:lang="x-default">PayPal REST API temp token expired time</display-name>
                <type>string</type>
                <mandatory-flag>false</mandatory-flag>
                <externally-managed-flag>false</externally-managed-flag>
                <min-length>0</min-length>
            </attribute-definition>
            <attribute-definition attribute-id="BRAINTREE_ECVZ_Api_Url">
                <display-name xml:lang="x-default">ECBT API URL</display-name>
                <description xml:lang="x-default"></description>
                <type>string</type>
                <mandatory-flag>false</mandatory-flag>
                <externally-managed-flag>false</externally-managed-flag>
                <min-length>0</min-length>
            </attribute-definition>
            <attribute-definition attribute-id="BRAINTREE_Tokenization_Key">
                <display-name xml:lang="x-default">Tokenization Key</display-name>
                <type>string</type>
                <mandatory-flag>false</mandatory-flag>
                <externally-managed-flag>false</externally-managed-flag>
                <min-length>0</min-length>
            </attribute-definition>
        </custom-attribute-definitions>
        <group-definitions>
            <attribute-group group-id="Braintree_API">
                <display-name xml:lang="x-default">Braintree</display-name>
                <attribute attribute-id="BRAINTREE_Merchant_ID"/>
                <attribute attribute-id="BRAINTREE_ECVZ_Access_Token"/>
                <attribute attribute-id="BRAINTREE_ECVZ_Api_Url"/>
                <attribute attribute-id="BRAINTREE_Tokenization_Key"/>
            </attribute-group>
        </group-definitions>
    </type-extension>
</metadata>