<?xml version="1.0" encoding="UTF-8"?>
<services xmlns="http://www.demandware.com/xml/impex/services/2014-09-26">
    <service-credential service-credential-id="Braintree_Sandbox_Credentials">
        <url>https://api.sandbox.braintreegateway.com/</url>
        <user-id />
        <password />
    </service-credential>

    <service-profile service-profile-id="Braintree_Default_Profile">
        <timeout-millis>60000</timeout-millis>
        <rate-limit-enabled>false</rate-limit-enabled>
        <rate-limit-calls>0</rate-limit-calls>
        <rate-limit-millis>0</rate-limit-millis>
        <cb-enabled>false</cb-enabled>
        <cb-calls>0</cb-calls>
        <cb-millis>0</cb-millis>
    </service-profile>

    <service service-id="int_braintree.http.xml.payment.Braintree">
        <service-type>HTTP</service-type>
        <enabled>true</enabled>
        <log-prefix>Braintree_xml</log-prefix>
        <comm-log-enabled>false</comm-log-enabled>
        <force-prd-enabled>false</force-prd-enabled>
        <mock-mode-enabled>false</mock-mode-enabled>
        <profile-id>Braintree_Default_Profile</profile-id>
        <credential-id>Braintree_Sandbox_Credentials</credential-id>
    </service>
</services>
